Time,Temp
2026-09-14 00:00,3.9
2026-09-14 00:15,4
2026-09-14 00:30,4.1
2026-09-14 00:45,4
2026-09-14 01:00,3.9
2026-09-14 01:15,3.8
2026-09-14 01:30,3.9
2026-09-14 01:45,4
2026-09-14 02:00,4.1
2026-09-14 02:15,4
2026-09-14 02:30,3.9
2026-09-14 02:45,3.8
2026-09-14 03:00,3.9
2026-09-14 03:15,4
2026-09-14 03:30,4.1
2026-09-14 03:45,4
2026-09-14 04:00,3.9
2026-09-14 04:15,3.8
2026-09-14 04:30,3.9
2026-09-14 04:45,4
2026-09-14 05:00,4.1
2026-09-14 05:15,4
2026-09-14 05:30,3.9
2026-09-14 05:45,3.8
2026-09-14 06:00,3.9
2026-09-14 06:15,4
2026-09-14 06:30,4.1
2026-09-14 06:45,4
2026-09-14 07:00,3.9
2026-09-14 07:15,3.8
2026-09-14 07:30,3.9
2026-09-14 07:45,4
2026-09-14 08:00,4.1
2026-09-14 08:15,4
2026-09-14 08:30,3.9
2026-09-14 08:45,3.8
2026-09-14 09:00,3.9
2026-09-14 09:15,4
2026-09-14 09:30,4.1
2026-09-14 09:45,4
2026-09-14 10:00,3.9
2026-09-14 10:15,3.8
2026-09-14 10:30,3.9
2026-09-14 10:45,4
2026-09-14 11:00,4.1
2026-09-14 11:15,4
2026-09-14 11:30,3.9
2026-09-14 11:45,3.8
2026-09-14 12:00,3.9
2026-09-14 12:15,4
2026-09-14 12:30,4.1
2026-09-14 12:45,4
2026-09-14 13:00,3.9
2026-09-14 13:15,4.2
2026-09-14 13:30,4.6
2026-09-14 13:45,5.6
2026-09-14 14:00,6.2
2026-09-14 14:15,6.8
2026-09-14 14:30,6.5
2026-09-14 14:45,5.9
2026-09-14 15:00,5.3
2026-09-14 15:15,4.8
2026-09-14 15:30,4.4
2026-09-14 15:45,3.8
2026-09-14 16:00,3.9
2026-09-14 16:15,4
2026-09-14 16:30,4.1
2026-09-14 16:45,4
2026-09-14 17:00,3.9
2026-09-14 17:15,3.8
2026-09-14 17:30,3.9
2026-09-14 17:45,4
2026-09-14 18:00,4.1
2026-09-14 18:15,4
2026-09-14 18:30,3.9
2026-09-14 18:45,3.8
2026-09-14 19:00,3.9
2026-09-14 19:15,4
2026-09-14 19:30,4.1
2026-09-14 19:45,4
2026-09-14 20:00,3.9
2026-09-14 20:15,3.8
2026-09-14 20:30,3.9
2026-09-14 20:45,4
2026-09-14 21:00,4.1
2026-09-14 21:15,4
2026-09-14 21:30,3.9
2026-09-14 21:45,3.8
2026-09-14 22:00,3.9
2026-09-14 22:15,4
2026-09-14 22:30,4.1
2026-09-14 22:45,4
2026-09-14 23:00,3.9
2026-09-14 23:15,3.8
2026-09-14 23:30,3.9
2026-09-14 23:45,4
