Serial,Time,Temp,Battery
TL-0388,2026-09-13 06:00,3.5,88%
TL-0388,2026-09-13 06:15,3.6,88%
TL-0388,2026-09-13 06:30,3.7,88%
TL-0388,2026-09-13 06:45,3.6,88%
TL-0388,2026-09-13 07:00,3.5,88%
TL-0388,2026-09-13 07:15,3.4,88%
TL-0388,2026-09-13 07:30,3.5,88%
TL-0388,2026-09-13 07:45,3.6,88%
TL-0388,2026-09-13 08:00,3.7,88%
TL-0388,2026-09-13 08:15,3.6,88%
TL-0388,2026-09-13 08:30,3.5,88%
TL-0388,2026-09-13 08:45,3.4,88%
TL-0388,2026-09-13 09:00,3.5,88%
TL-0388,2026-09-13 09:15,3.6,88%
TL-0388,2026-09-13 09:30,3.7,88%
TL-0388,2026-09-13 09:45,3.6,88%
TL-0388,2026-09-13 10:00,3.5,88%
TL-0388,2026-09-13 10:15,3.4,88%
TL-0388,2026-09-13 10:30,3.5,88%
TL-0388,2026-09-13 10:45,3.6,88%
TL-0388,2026-09-13 11:00,3.7,88%
TL-0388,2026-09-13 11:15,3.6,88%
TL-0388,2026-09-13 11:30,3.5,88%
TL-0388,2026-09-13 11:45,3.4,88%
TL-0388,2026-09-13 12:00,3.5,88%
TL-0388,2026-09-13 12:15,3.6,88%
TL-0388,2026-09-13 12:30,3.7,88%
TL-0388,2026-09-13 12:45,3.6,88%
TL-0388,2026-09-13 13:00,3.5,88%
TL-0388,2026-09-13 13:15,3.4,88%
TL-0388,2026-09-13 13:30,3.5,88%
TL-0388,2026-09-13 13:45,3.6,88%
TL-0388,2026-09-13 14:00,3.7,88%
TL-0388,2026-09-13 14:15,3.6,88%
TL-0388,2026-09-13 14:30,3.5,88%
TL-0388,2026-09-13 14:45,3.4,88%
TL-0388,2026-09-13 15:00,3.5,88%
TL-0388,2026-09-13 15:15,3.6,88%
TL-0388,2026-09-13 15:30,3.7,88%
TL-0388,2026-09-13 15:45,3.6,88%
TL-0388,2026-09-13 16:00,3.5,88%
TL-0388,2026-09-13 16:15,3.4,88%
TL-0388,2026-09-13 16:30,3.5,88%
TL-0388,2026-09-13 16:45,3.6,88%
TL-0388,2026-09-13 17:00,3.7,88%
TL-0388,2026-09-13 17:15,3.6,88%
TL-0388,2026-09-13 17:30,3.5,88%
TL-0388,2026-09-13 17:45,3.4,88%
TL-0388,2026-09-13 18:00,3.5,88%
TL-0388,2026-09-13 18:15,3.6,88%
TL-0388,2026-09-13 18:30,3.7,88%
TL-0388,2026-09-13 18:45,3.6,88%
TL-0388,2026-09-13 19:00,3.5,88%
TL-0388,2026-09-13 19:15,3.4,88%
TL-0388,2026-09-13 19:30,3.5,88%
TL-0388,2026-09-13 19:45,3.6,88%
TL-0388,2026-09-13 20:00,3.7,88%
TL-0388,2026-09-13 20:15,3.6,88%
TL-0388,2026-09-13 20:30,3.5,88%
TL-0388,2026-09-13 20:45,3.4,88%
TL-0388,2026-09-13 21:00,3.5,88%
TL-0388,2026-09-13 21:15,3.6,88%
TL-0388,2026-09-13 21:30,3.7,88%
TL-0388,2026-09-13 21:45,3.6,88%
TL-0388,2026-09-13 22:00,3.5,88%
TL-0388,2026-09-13 22:15,3.4,88%
TL-0388,2026-09-13 22:30,3.5,88%
TL-0388,2026-09-13 22:45,3.6,88%
TL-0388,2026-09-13 23:00,3.7,88%
TL-0388,2026-09-13 23:15,3.6,88%
TL-0388,2026-09-13 23:30,3.5,88%
TL-0388,2026-09-13 23:45,3.4,88%
TL-0388,2026-09-14 00:00,3.5,87%
TL-0388,2026-09-14 00:15,3.6,87%
TL-0388,2026-09-14 00:30,3.7,87%
TL-0388,2026-09-14 00:45,3.6,87%
TL-0388,2026-09-14 01:00,3.5,87%
TL-0388,2026-09-14 01:15,3.4,87%
TL-0388,2026-09-14 01:30,3.5,87%
TL-0388,2026-09-14 01:45,3.6,87%
TL-0388,2026-09-14 02:00,3.7,87%
TL-0388,2026-09-14 02:15,3.8,87%
TL-0388,2026-09-14 02:30,3.8,87%
TL-0388,2026-09-14 02:45,3.9,87%
TL-0388,2026-09-14 03:00,4.0,87%
TL-0388,2026-09-14 03:15,4.0,87%
TL-0388,2026-09-14 03:30,4.1,87%
TL-0388,2026-09-14 03:45,4.2,87%
TL-0388,2026-09-14 04:00,4.2,87%
TL-0388,2026-09-14 04:15,4.3,87%
TL-0388,2026-09-14 04:30,4.4,87%
TL-0388,2026-09-14 04:45,4.4,87%
TL-0388,2026-09-14 05:00,4.4,87%
TL-0388,2026-09-14 05:15,4.5,87%
TL-0388,2026-09-14 05:30,4.5,87%
TL-0388,2026-09-14 05:45,4.5,87%
TL-0388,2026-09-14 06:00,4.6,87%
TL-0388,2026-09-14 06:15,5.4,87%
TL-0388,2026-09-14 06:30,6.3,87%
TL-0388,2026-09-14 06:45,7.1,87%
TL-0388,2026-09-14 07:00,7.5,87%
TL-0388,2026-09-14 07:15,7.8,87%
TL-0388,2026-09-14 07:30,8.0,87%
TL-0388,2026-09-14 07:45,8.1,87%
TL-0388,2026-09-14 08:00,8.2,87%
TL-0388,2026-09-14 08:15,8.2,87%
TL-0388,2026-09-14 08:30,8.3,87%
TL-0388,2026-09-14 08:45,8.3,87%
TL-0388,2026-09-14 09:00,8.4,87%
