Timestamp,Temperature (C)
2026-09-17T00:00,3.6
2026-09-17T00:15,3.7
2026-09-17T00:30,3.8
2026-09-17T00:45,3.7
2026-09-17T01:00,3.6
2026-09-17T01:15,3.5
2026-09-17T01:30,3.6
2026-09-17T01:45,3.7
2026-09-17T02:00,3.8
2026-09-17T02:15,3.7
2026-09-17T02:30,3.6
2026-09-17T02:45,3.5
2026-09-17T03:00,3.6
2026-09-17T03:15,3.7
2026-09-17T03:30,3.8
2026-09-17T03:45,3.7
2026-09-17T04:00,3.6
2026-09-17T04:15,3.5
2026-09-17T04:30,3.6
2026-09-17T04:45,3.7
2026-09-17T05:00,3.8
2026-09-17T05:15,3.7
2026-09-17T05:30,3.6
2026-09-17T05:45,3.5
2026-09-17T06:00,3.7
2026-09-17T06:15,3.6
2026-09-17T06:30,3.7
2026-09-17T06:45,3.8
2026-09-17T07:00,3.7
2026-09-17T07:15,3.6
2026-09-17T07:30,3.5
2026-09-17T07:45,3.6
2026-09-17T08:00,3.7
2026-09-17T08:15,3.8
2026-09-17T08:30,3.7
2026-09-17T08:45,3.6
2026-09-17T09:00,3.5
2026-09-17T09:15,3.6
2026-09-17T09:30,3.7
2026-09-17T09:45,3.8
2026-09-17T10:00,3.7
2026-09-17T10:15,3.6
2026-09-17T10:30,3.5
2026-09-17T10:45,3.6
2026-09-17T11:00,3.7
2026-09-17T11:15,3.8
2026-09-17T11:30,3.7
2026-09-17T11:45,3.6
2026-09-17T12:00,3.5
2026-09-17T12:15,3.6
2026-09-17T12:30,3.7
2026-09-17T12:45,3.8
2026-09-17T13:00,3.7
2026-09-17T13:15,3.6
2026-09-17T13:30,3.5
2026-09-17T13:45,3.6
2026-09-17T14:00,3.7
2026-09-17T14:15,3.8
2026-09-17T14:30,3.7
2026-09-17T14:45,3.6
2026-09-17T15:00,3.5
2026-09-17T15:15,3.6
2026-09-17T15:30,3.7
2026-09-17T15:45,3.8
2026-09-17T16:00,3.7
2026-09-17T16:15,3.6
2026-09-17T16:30,3.5
2026-09-17T16:45,3.6
2026-09-17T17:00,3.7
2026-09-17T17:15,3.8
2026-09-17T17:30,3.7
2026-09-17T17:45,3.6
2026-09-17T18:00,3.5
2026-09-17T18:15,3.6
2026-09-17T18:30,3.7
2026-09-17T18:45,3.8
2026-09-17T19:00,3.7
2026-09-17T19:15,3.6
2026-09-17T19:30,3.5
2026-09-17T19:45,3.6
2026-09-17T20:00,3.7
2026-09-17T20:15,3.8
2026-09-17T20:30,3.7
2026-09-17T20:45,3.6
2026-09-17T21:00,3.5
2026-09-17T21:15,3.6
2026-09-17T21:30,3.7
2026-09-17T21:45,3.8
2026-09-17T22:00,3.7
2026-09-17T22:15,3.6
2026-09-17T22:30,3.5
2026-09-17T22:45,3.6
2026-09-17T23:00,3.7
2026-09-17T23:15,3.8
2026-09-17T23:30,3.7
2026-09-17T23:45,3.6
